Code,Species,superkingdom,kingdom,phylum,superclass,class,order,family,genus,speciesbel,Belonidae,Eukarya,Metazoa,Chordata,Actinopterygii,Actinopteri,Beloniformes,Belonidae,,eme,Eucinostomus melanopterus,Eukarya,Metazoa,Chordata,Actinopterygii,Actinopteri,Gerreiformes ,Gerreidae,Eucinostomus,Eucinostomus melanopterusgci,Gerres cinereus,Eukarya,Metazoa,Chordata,Actinopterygii,Actinopteri,Gerreiformes,Gerreidae,Gerres,Gerres cinereushfl,Haemulon flavolineatum,Eukarya,Metazoa,Chordata,Actinopterygii,Actinopteri,Lutjaniformes,Haemulidae,Haemulon,Haemulon flavolineatumhpa,Haemulon parra,Eukarya,Metazoa,Chordata,Actinopterygii,Actinopteri,Lutjaniformes,Haemulidae,Haemulon,Haemulon parrahpl,Haemulon plumierii,Eukarya,Metazoa,Chordata,Actinopterygii,Actinopteri,Lutjaniformes,Haemulidae,Haemulon,Haemulon plumieriihst,Haemulon steindachneri,Eukarya,Metazoa,Chordata,Actinopterygii,Actinopteri,Lutjaniformes,Haemulidae,Haemulon,Haemulon steindachnerihbi,Halichoeres bivittatus,Eukarya,Metazoa,Chordata,Actinopterygii,Actinopteri,Labriformes,Labridae,Halichoeres,Halichoeres bivittatushpu,Hypoplectrus puella,Eukarya,Metazoa,Chordata,Actinopterygii,Actinopteri,Perciformes,Serranidae,Hypoplectrus,Hypoplectrus puellalan,Lutjanus analis,Eukarya,Metazoa,Chordata,Actinopterygii,Actinopteri,Lutjaniformes,Lutjanidae,Lutjanus,Lutjanus analislap,Lutjanus apodus,Eukarya,Metazoa,Chordata,Actinopterygii,Actinopteri,Lutjaniformes,Lutjanidae,Lutjanus,Lutjanus apoduslcy,Lutjanus cyanopterus,Eukarya,Metazoa,Chordata,Actinopterygii,Actinopteri,Lutjaniformes,Lutjanidae,Lutjanus,Lutjanus cyanopteruslgr,Lutjanus griseus,Eukarya,Metazoa,Chordata,Actinopterygii,Actinopteri,Lutjaniformes,Lutjanidae,Lutjanus,Lutjanus griseusljo,Lutjanus jocu,Eukarya,Metazoa,Chordata,Actinopterygii,Actinopteri,Lutjaniformes,Lutjanidae,Lutjanus,Lutjanus jocusba,Sphyraena barracuda,Eukarya,Metazoa,Chordata,Actinopterygii,Actinopteri,,Sphyraenidae,Sphyraena,Sphyraena barracudacla,Caranx latus,Eukarya,Metazoa,Chordata,Actinopterygii,Actinopteri,Carangiformes,Carangidae,Caranx,Caranx latuscca,Chaetodon capistratus,Eukarya,Metazoa,Chordata,Actinopterygii,Actinopteri,Chaetodontiformes,Chaetodontidae,Chaetodon,Chaetodon capistratushmac,Haemulon macrostomum,Eukarya,Metazoa,Chordata,Actinopterygii,Actinopteri,Lutjaniformes,Haemulidae,Haemulon,Haemulon macrostomumpar,Pomacanthus arcuatus,Eukarya,Metazoa,Chordata,Actinopterygii,Actinopteri,,Pomacanthidae,Pomacanthus,Pomacanthus arcuatuscro,Canthigaster rostrata,Eukarya,Metazoa,Chordata,Actinopterygii,Actinopteri,Tetraodontiformes,Tetraodontidae,Canthigaster,Canthigaster rostratacoc,Chaetodon ocellatus,Eukarya,Metazoa,Chordata,Actinopterygii,Actinopteri,Chaetodontiformes,Chaetodontidae,Chaetodon,Chaetodon ocellatuscgl,Coryphopterus glaucofraenum,Eukarya,Metazoa,Chordata,Actinopterygii,Actinopteri,Gobiiformes,Gobiidae,Coryphopterus,Coryphopterus glaucofraenumcpe,Coryphopterus personatus,Eukarya,Metazoa,Chordata,Actinopterygii,Actinopteri,Gobiiformes,Gobiidae,Coryphopterus,Coryphopterus personatushni,Hypoplectrus nigricans,Eukarya,Metazoa,Chordata,Actinopterygii,Actinopteri,Perciformes,Serranidae,Hypoplectrus,Hypoplectrus nigricanssis,Scarus iseri,Eukarya,Metazoa,Chordata,Actinopterygii,Actinopteri,Labriformes,Scaridae,Scarus,Scarus iseristi,Serranus tigrinus,Eukarya,Metazoa,Chordata,Actinopterygii,Actinopteri,Perciformes,Serranidae,Serranus,Serranus tigrinussdi,Stegastes diencaeus,Eukarya,Metazoa,Chordata,Actinopterygii,Actinopteri,,Pomacentridae,Stegastes,Stegastes diencaeusspa,Stegastes partitus,Eukarya,Metazoa,Chordata,Actinopterygii,Actinopteri,,Pomacentridae,Stegastes,Stegastes partitusspl,Stegastes planifrons,Eukarya,Metazoa,Chordata,Actinopterygii,Actinopteri,,Pomacentridae,Stegastes,Stegastes planifronsasa,Abudefduf saxatilis,Eukarya,Metazoa,Chordata,Actinopterygii,Actinopteri,,Pomacentridae,Abudefduf,Abudefduf saxatiliseil,Elacatinus illecebrosus,Eukarya,Metazoa,Chordata,Actinopterygii,Actinopteri,Gobiiformes,Gobiidae,Elacatinus,Elacatinus illecebrosushge,Hypoplectrus gemma,Eukarya,Metazoa,Chordata,Actinopterygii,Actinopteri,Perciformes,Serranidae,Hypoplectrus,Hypoplectrus gemmastr,Scarus trispinosus,Eukarya,Metazoa,Chordata,Actinopterygii,Actinopteri,Labriformes,Scaridae,Scarus,Scarus trispinosuslsy,Lutjanus synagris,Eukarya,Metazoa,Chordata,Actinopterygii,Actinopteri,Lutjaniformes,Lutjanidae,Lutjanus,Lutjanus synagrismsi,Microgobius signatus,Eukarya,Metazoa,Chordata,Actinopterygii,Actinopteri,Gobiiformes,Gobiidae,Microgobius,Microgobius signatusblenny,Blenniid spp.,Eukarya,Metazoa,Chordata,Actinopterygii,Actinopteri,Blenniiformes ,Blenniidae,,euc,Eucinostomus spp.,Eukarya,Metazoa,Chordata,Actinopterygii,Actinopteri,Gerreiformes,Gerreidae,Eucinostomus,mmi,Microgobius microlepis,Eukarya,Metazoa,Chordata,Actinopterygii,Actinopteri,Gobiiformes,Gobiidae,Microgobius,Microgobius microlepisene,Echeneis neucratoides,Eukarya,Metazoa,Chordata,Actinopterygii,Actinopteri,Carangiformes,Echeneidae,Echeneis,Echeneis neucratoidesmme,Microgobius meeki,Eukarya,Metazoa,Chordata,Actinopterygii,Actinopteri,Perciformes,Gobiidae,Microgobius,Microgobius meekihsp,Haemulon spp.,Eukarya,Metazoa,Chordata,Actinopterygii,Actinopteri,Lutjaniformes,Haemulidae,Haemulon,osa,Oligoplites saurus,Eukarya,Metazoa,Chordata,Actinopterygii,Actinopteri,Carangiformes,Carangidae,Oligoplites,Oligoplites sauruscsp,Clupeid spp.,Eukarya,Metazoa,Chordata,Actinopterygii,Actinopteri,Clupeiformes,Clupeidae,,csp4,Clupeid spp.,Eukarya,Metazoa,Chordata,Actinopterygii,Actinopteri,Clupeiformes,Clupeidae,,dam,Dasyatis americana,Eukarya,Metazoa,Chordata,Chondrichthyes,Chondrichthyes,Myliobatiformes,Dasyatidae,Dasyatis,Dasyatis americananbr,Narcine brasiliensis,Eukarya,Metazoa,Chordata,Chondrichthyes,Chondrichthyes,Torpediniformes,Narcinidae,Narcine,Narcine brasiliensissto,Serranus tortugarum,Eukarya,Metazoa,Chordata,Actinopterygii,Teleostei,Perciformes,Serranidae,Serranus,Serranus tortugarumcsp2,Clupeid spp.,Eukarya,Metazoa,Chordata,Actinopterygii,Actinopteri,Clupeiformes,Clupeidae,,gni,Gambusia nicaraguensis,Eukarya,Metazoa,Chordata,Actinopterygii,Actinopteri,Cyprinodontiformes,Poeciliidae,Gambusia,Gambusia nicaraguensishyp,Hypoplectrus spp.,Eukarya,Metazoa,Chordata,Actinopterygii,Actinopteri,Perciformes,Serranidae,Hypoplectrus,hca,Haemulon carbonarium,Eukarya,Metazoa,Chordata,Actinopterygii,Actinopteri,Lutjaniformes,Haemulidae,Haemulon,Haemulon carbonariumsad,Stegastes adustus,Eukarya,Metazoa,Chordata,Actinopterygii,Actinopteri,,Pomacentridae,Stegastes,Stegastes adustuscsp3,Clupeid spp.,Eukarya,Metazoa,Chordata,Actinopterygii,Actinopteri,Clupeiformes,Clupeidae,,svi,Sparisoma viride,Eukarya,Metazoa,Chordata,Actinopterygii,Actinopteri,Labriformes,Scaridae,Sparisoma,Sparisoma virideavi,Anisotremus virginicus,Eukarya,Metazoa,Chordata,Actinopterygii,Actinopteri,Lutjaniformes,Haemulidae,Anisotremus,Anisotremus virginicuscch,Chloroscombrus chrysurus,Eukarya,Metazoa,Chordata,Actinopterygii,Actinopteri,Carangiformes,Carangidae,Chloroscombrus,Chloroscombrus chrysurusaco,Acanthurus coeruleus,Eukarya,Metazoa,Chordata,Actinopterygii,Actinopteri,Acanthuriformes,Acanthuridae,Acanthurus,Acanthurus coeruleusama,Aulostomus maculatus,Eukarya,Metazoa,Chordata,Actinopterygii,Actinopteri,Syngnathiformes,Aulostomidae,Aulostomus,Aulostomus maculatushpo,Halichoeres poeyi,Eukarya,Metazoa,Chordata,Actinopterygii,Actinopteri,Labriformes ,Labridae,Halichoeres,Halichoeres poeyimch,Microspathodon chrysurus,Eukarya,Metazoa,Chordata,Actinopterygii,Actinopteri,,Pomacentridae,Microspathodon,Microspathodon chrysurussau,Sparisoma aurofrenatum,Eukarya,Metazoa,Chordata,Actinopterygii,Actinopteri,Labriformes,Scaridae,Sparisoma,Sparisoma aurofrenatumtbi,Thalassoma bifasciatum,Eukarya,Metazoa,Chordata,Actinopterygii,Actinopteri,Labriformes,Labridae,Thalassoma,Thalassoma bifasciatumhysp,Hypleurochilus geminatus,Eukarya,Metazoa,Chordata,Actinopterygii,Actinopteri,Blenniiformes,Blenniidae,Hypleurochilus,Hypleurochilus geminatuspni,Paraclinus nigripinnis,Eukarya,Metazoa,Chordata,Actinopterygii,Actinopteri,Perciformes,Labrisomidae,Paraclinus,Paraclinus nigripinnisaba,Acanthurus tractus,Eukarya,Metazoa,Chordata,Actinopterygii,Actinopteri, Acanthuriformes,Acanthuridae,Acanthurus,Acanthurus tractuscru,Carangoides ruber,Eukarya,Metazoa,Chordata,Actinopterygii,Actinopteri,Carangiformes,Carangidae,Carangoides,Carangoides ruberstsp,Stegastes spp.,Eukarya,Metazoa,Chordata,Actinopterygii,Actinopteri,Perciformes,Pomacentridae,Stegastes,ach,Acanthurus chirurgus,Eukarya,Metazoa,Chordata,Actinopterygii,Actinopteri,Acanthuriformes,Acanthuridae,Acanthurus,Acanthurus chirurgussra,Sparisoma radians,Eukarya,Metazoa,Chordata,Actinopterygii,Actinopteri,Perciformes,Scaridae,Sparisoma,Sparisoma radianscsp5,Clupeid spp.,Eukarya,Metazoa,Chordata,Actinopterygii,Actinopteri,Clupeiformes,Clupeidae,,csp6,Clupeid spp.,Eukarya,Metazoa,Chordata,Actinopterygii,Actinopteri,Clupeiformes,Clupeidae,,csp7,Clupeid spp.,Eukarya,Metazoa,Chordata,Actinopterygii,Actinopteri,Clupeiformes,Clupeidae,,ccr,Cephalopholis cruentata,Eukarya,Metazoa,Chordata,Actinopterygii,Actinopteri,Perciformes ,Serranidae,Cephalopholis,Cephalopholis cruentatalsp,Lutjanus spp.,Eukarya,Metazoa,Chordata,Actinopterygii,Actinopteri,Lutjaniformes,Lutjanidae,Lutjanus,oat,Ophioblennius atlanticus,Eukarya,Metazoa,Chordata,Actinopterygii,Actinopteri,Blenniiformes,Blenniidae,Ophioblennius,Ophioblennius atlanticusuja,Urobatis jamaicensis,Eukarya,Metazoa,Chordata,Actinopterygii,Actinopteri, Myliobatiformes,Urotrygonidae ,Urobatis ,Urobatis jamaicensisloc,Lophogobius cyprinoides,Eukarya,Metazoa,Chordata,Actinopterygii,Actinopteri,Gobiiformes,Gobiidae,Lophogobius,Lophogobius cyprinoidescpu,Cantherhines pullus,Eukarya,Metazoa,Chordata,Actinopterygii,Actinopteri,Tetraodontiformes ,Monacanthidae ,Cantherhines,Cantherhines pullushci,Holacanthus ciliaris,Eukarya,Metazoa,Chordata,Actinopterygii,Actinopteri,,Pomacanthidae,Holacanthus,Holacanthus ciliarissma,Scomberomorus maculatus,Eukarya,Metazoa,Chordata,Actinopterygii,Actinopteri,Scombriformes,Scombridae,Scomberomorus,Scomberomorus maculatushun,Hypoplectrus unicolor,Eukarya,Metazoa,Chordata,Actinopterygii,Actinopteri,Perciformes,Serranidae,Hypoplectrus,Hypoplectrus unicolorpma,Parablennius marmoreus,Eukarya,Metazoa,Chordata,Actinopterygii,Actinopteri,Blenniiformes,Blenniidae ,Parablennius,Parablennius marmoreusoau,Opistognathus aurifrons,Eukarya,Metazoa,Chordata,Actinopterygii,Actinopteri,,Opistognathidae,Opistognathus,Opistognathus aurifronspac,Prognathodes aculeatus,Eukarya,Metazoa,Chordata,Actinopterygii,Actinopteri,Chaetodontiformes,Chaetodontidae ,Prognathodes,Prognathodes aculeatuscfa,Chaetodipterus faber,Eukarya,Metazoa,Chordata,Actinopterygii,Actinopteri,Ephippiformes        order 1489930,Ephippidae,Chaetodipterus,Chaetodipterus faberpvo,Pterois volitans,Eukarya,Metazoa,Chordata,Actinopterygii,Actinopteri,Perciformes,Scorpaenidae,Pterois,Pterois volitanscbar,Carangoides bartholomaei,Eukarya,Metazoa,Chordata,Actinopterygii,Actinopteri,Carangiformes,Carangidae,Carangoides,Carangoides bartholomaeicun,Centropomus undecimalis,Eukarya,Metazoa,Chordata,Actinopterygii,Actinopteri,,Centropomidae,Centropomus,Centropomus undecimalishau,Haemulon aurolineatum,Eukarya,Metazoa,Chordata,Actinopterygii,Actinopteri,Lutjaniformes ,Haemulidae,Haemulon,Haemulon aurolineatum  poe,Poeciliidae,Eukarya,Metazoa,Chordata,Actinopterygii,Actinopteri,Cyprinodontiformes,Poeciliidae,,ahi,Ablennes hians,Eukarya,Metazoa,Chordata,Actinopterygii,Actinopteri,Beloniformes,Belonidae ,Ablennes,Ablennes hiansmtu,Monacanthus tuckeri,Eukarya,Metazoa,Chordata,Actinopterygii,Actinopteri,Tetraodontiformes,Monacanthidae,Monacanthus,Monacanthus tuckerioch,Ocyurus chrysurus,Eukarya,Metazoa,Chordata,Actinopterygii,Actinopteri,Lutjaniformes,Lutjanidae,Ocyurus,Ocyurus chrysuruspmac,Pseudupeneus maculatus,Eukarya,Metazoa,Chordata,Actinopterygii,Actinopteri,Syngnathiformes,Mullidae,Pseudupeneus,Pseudupeneus maculatusssp,Sphoeroides spengleri,Eukarya,Metazoa,Chordata,Actinopterygii,Actinopteri,Tetraodontiformes,Tetraodontidae,Sphoeroides,Sphoeroides spengleriode,Odontoscion dentex,Eukarya,Metazoa,Chordata,Actinopterygii,Actinopteri,,Sciaenidae,Odontoscion,Odontoscion dentexaqu,Acanthostracion quadricornis,Eukarya,Metazoa,Chordata,Actinopterygii,Actinopteri,Tetraodontiformes,Ostraciidae,Acanthostracion,Acanthostracion quadricornissch,Sparisoma chrysopterum,Eukarya,Metazoa,Chordata,Actinopterygii,Actinopteri,Labriformes ,Scaridae,Sparisoma,Sparisoma chrysopterumsru,Sparisoma rubripinne,Eukarya,Metazoa,Chordata,Actinopterygii,Actinopteri,Labriformes ,Labridae,Sparisoma,Sparisoma chrysopterumcorsp,Coryphopterus spp.,Eukarya,Metazoa,Chordata,Actinopterygii,Actinopteri,  Gobiiformes,Gobiidae,Coryphopterus,hpi,Halichoeres pictus,Eukarya,Metazoa,Chordata,Actinopterygii,Actinopteri,Labriformes,Labridae ,Halichoeres ,Halichoeres pictuscpen,Calamus pennatula,Eukarya,Metazoa,Chordata,Actinopterygii,Actinopteri,Spariformes,Sparidae,Calamus,Calamus pennatulacbart,Caranx bartholomaei,Eukarya,Metazoa,Chordata,Actinopterygii,Actinopteri,Carangiformes,Carangidae,Carangoides,Caranx bartholomaeimsp,Malacoctenus spp.,Eukarya,Metazoa,Chordata,Actinopterygii,Actinopteri,Blenniiformes,Labrisomidae,Malacoctenus,sva,Stegastes diencaeus,Eukarya,Metazoa,Chordata,Actinopterygii,Actinopteri,,Pomacentridae,Stegastes,Stegastes diencaeusarh,Archosargus rhomboidalis,Eukarya,Metazoa,Chordata,Actinopterygii,Actinopteri,Spariformes,Sparidae,Archosargus,Archosargus rhomboidalisdhy,Diodon hystrix,Eukarya,Metazoa,Chordata,Actinopterygii,Actinopteri,Tetraodontiformes ,Diodontidae,Diodon,Diodon hystrixcst,Chaetodon striatus,Eukarya,Metazoa,Chordata,Actinopterygii,Actinopteri,Chaetodontiformes,Chaetodontidae,Chaetodon,Chaetodon striatusopi,Opistognathus spp.,Eukarya,Metazoa,Chordata,Actinopterygii,Actinopteri,,Opistognathidae,Opistognathus,acr,Amphichthys cryptocentrus,Eukarya,Metazoa,Chordata,Actinopterygii,Actinopteri,Batrachoidiformes,Batrachoididae,Amphichthys,Amphichthys cryptocentrusbru,Bodianus rufus,Eukarya,Metazoa,Chordata,Actinopterygii,Actinopteri,Labriformes,Labridae,Bodianus,Bodianus rufusgth,Gnatholepis thompsoni,Eukarya,Metazoa,Chordata,Actinopterygii,Actinopteri,Gobiiformes,Gobiidae,Gnatholepis ,Gnatholepis thompsonihma,Halichoeres maculipinna,Eukarya,Metazoa,Chordata,Actinopterygii,Actinopteri,Labriformes,Labridae,Halichoeres,Halichoeres maculipinnaccry,Caranx crysos,Eukarya,Metazoa,Chordata,Actinopterygii,Actinopteri,Carangiformes ,Carangidae,Caranx,Caranx crysossre,Scomberomorus regalis,Eukarya,Metazoa,Chordata,Actinopterygii,Actinopteri,Scombriformes,Scombridae,Scomberomorus,Scomberomorus regalistsa,Tigrigobius saucrus,Eukarya,Metazoa,Chordata,Actinopterygii,Actinopteri,Gobiiformes,Gobiidae ,Tigrigobius,Tigrigobius saucruscan,Chilomycterus antennatus,Eukarya,Metazoa,Chordata,Actinopterygii,Actinopteri,Tetraodontiformes,Diodontidae,Chilomycterus,Chilomycterus antennatus